Snapshot,convex_hull_area,average_proximity,geohash_area,SpComplexity,SpDensity
experiment_200_snapshot_1,446241919.490026,18371.150334563587,2809080.0,0.8039060023250368,0.72889775320597
experiment_200_snapshot_2,345413875.22399926,19079.729282139473,2645217.0,1.0,1.0
