Snapshot,convex_hull_area,average_proximity,geohash_area,SpComplexity,SpDensity
experiment_100_snapshot_1,356961991.3834679,19095.28279978933,1615221.0,0.8861183687903811,0.9007878964234103
experiment_100_snapshot_2,341334551.5565902,17695.36632860027,1521585.0,1.0,1.0
